private_entity,external_uri,wikidata_uri,wikidata_qid,matched_label,description,confidence,conversion_status
"""Design Computing and Cognition",,,,"""Design Computing and Cognition",,0.0,not_converted
1 January 2019.[89][90,,,,1 January 2019.[89][90,,0.0,not_converted
1970s,http://www.wikidata.org/entity/Q35014,http://www.wikidata.org/entity/Q35014,Q35014,1970s,decade (1970-1979),1.0,converted_or_already_wikidata
2014-2020,,,,2014-2020,,0.0,not_converted
2015 to 2017,,,,2015 to 2017,,0.0,not_converted
AID,,,,AID,,0.0,not_converted
AND Construction,,,,AND Construction,,0.0,not_converted
ASCN,,,,ASCN,,0.0,not_converted
ASEAN,,,,ASEAN,,0.0,not_converted
ASP,,,,ASP,,0.0,not_converted
AT&T,http://www.wikidata.org/entity/Q35476,http://www.wikidata.org/entity/Q35476,Q35476,AT&T,American multinational conglomerate,1.0,converted_or_already_wikidata
AT&T Labs-Research,,,,AT&T Labs-Research,,0.0,not_converted
Accuscore,,,,Accuscore,,0.0,not_converted
Acornsoft,http://www.wikidata.org/entity/Q3604604,http://www.wikidata.org/entity/Q3604604,Q3604604,Acornsoft,former software division of Acorn Computers,1.0,converted_or_already_wikidata
Airbnb,http://www.wikidata.org/entity/Q63327,http://www.wikidata.org/entity/Q63327,Q63327,Airbnb,American online platform for rental accommodations,1.0,converted_or_already_wikidata
Akinci,,,,Akinci,,0.0,not_converted
Al Waer,,,,Al Waer,,0.0,not_converted
Alan Turing,http://www.wikidata.org/entity/Q7251,http://www.wikidata.org/entity/Q7251,Q7251,Alan Turing,English computer scientist (1912–1954),1.0,converted_or_already_wikidata
Alexander Bain,http://www.wikidata.org/entity/Q384882,http://www.wikidata.org/entity/Q384882,Q384882,Alexander Bain,Scottish philosopher and educationalist (1818–1903),1.0,converted_or_already_wikidata
Alexander Dobrindt,http://www.wikidata.org/entity/Q85783,http://www.wikidata.org/entity/Q85783,Q85783,Alexander Dobrindt,German politician,1.0,converted_or_already_wikidata
Alfredo,http://www.wikidata.org/entity/Q645734,http://www.wikidata.org/entity/Q645734,Q645734,Alfredo,male given name,1.0,converted_or_already_wikidata
Alibaba,http://www.wikidata.org/entity/Q1359568,http://www.wikidata.org/entity/Q1359568,Q1359568,Alibaba Group,Chinese multinational technology company,1.0,converted_or_already_wikidata
Amazon,http://www.wikidata.org/entity/Q3884,http://www.wikidata.org/entity/Q3884,Q3884,Amazon,American multinational technology company,1.0,converted_or_already_wikidata
America,,,,America,,0.0,not_converted
Amirkabir University of Technology.[67,,,,Amirkabir University of Technology.[67,,0.0,not_converted
Amsterdam,http://www.wikidata.org/entity/Q727,http://www.wikidata.org/entity/Q727,Q727,Amsterdam,capital and most populous city of the Netherlands,1.0,converted_or_already_wikidata
Andia,http://www.wikidata.org/entity/Q115925869,http://www.wikidata.org/entity/Q115925869,Q115925869,Andia,Romanian singer,1.0,converted_or_already_wikidata
Andrew Edmonds,,,,Andrew Edmonds,,0.0,not_converted
Apollo,http://www.wikidata.org/entity/Q665812,http://www.wikidata.org/entity/Q665812,Q665812,Apollo,male given name,1.0,converted_or_already_wikidata
Apple,http://www.wikidata.org/entity/Q312,http://www.wikidata.org/entity/Q312,Q312,Apple Inc.,"American multinational technology company based in Cupertino, California",1.0,converted_or_already_wikidata
April 2016,http://www.wikidata.org/entity/Q2874588,http://www.wikidata.org/entity/Q2874588,Q2874588,April 2016,month of 2016,1.0,converted_or_already_wikidata
ArchiCAD,http://www.wikidata.org/entity/Q506636,http://www.wikidata.org/entity/Q506636,Q506636,ArchiCAD,computer-aided design software,1.0,converted_or_already_wikidata
Arthur Samuel,http://www.wikidata.org/entity/Q710266,http://www.wikidata.org/entity/Q710266,Q710266,Arthur Samuel,American computer scientist (1901–1990),1.0,converted_or_already_wikidata
Arun Swami,http://www.wikidata.org/entity/Q51140510,http://www.wikidata.org/entity/Q51140510,Q51140510,Arun Swaminath,researcher,1.0,converted_or_already_wikidata
Associated General Contractors of America,http://www.wikidata.org/entity/Q21015616,http://www.wikidata.org/entity/Q21015616,Q21015616,Associated General Contractors of America,association of commercial construction contractors,1.0,converted_or_already_wikidata
Atari,http://www.wikidata.org/entity/Q207922,http://www.wikidata.org/entity/Q207922,Q207922,Atari,brand name owned by Atari Interactive,1.0,converted_or_already_wikidata
August 2004,http://www.wikidata.org/entity/Q760686,http://www.wikidata.org/entity/Q760686,Q760686,August 2004,month of 2004,1.0,converted_or_already_wikidata
Australia,http://www.wikidata.org/entity/Q408,http://www.wikidata.org/entity/Q408,Q408,Australia,country in Oceania,1.0,converted_or_already_wikidata
Autodesk,http://www.wikidata.org/entity/Q628051,http://www.wikidata.org/entity/Q628051,Q628051,Autodesk,American company,1.0,converted_or_already_wikidata
BCA,,,,BCA,,0.0,not_converted
BIM,,,,BIM,,0.0,not_converted
BIM Africa Initiative,,,,BIM Africa Initiative,,0.0,not_converted
BIM Cluster,,,,BIM Cluster,,0.0,not_converted
BIMaS,http://www.wikidata.org/entity/Q10429684,http://www.wikidata.org/entity/Q10429684,Q10429684,Bimastos,genus of annelids,1.0,converted_or_already_wikidata
BS2015,,,,BS2015,,0.0,not_converted
BSI,,,,BSI,,0.0,not_converted
Baidu,http://www.wikidata.org/entity/Q14772,http://www.wikidata.org/entity/Q14772,Q14772,Baidu,Chinese web services company,1.0,converted_or_already_wikidata
Bank of Canada,http://www.wikidata.org/entity/Q806703,http://www.wikidata.org/entity/Q806703,Q806703,Bank of Canada,central bank of Canada,1.0,converted_or_already_wikidata
Banks,http://www.wikidata.org/entity/Q806825,http://www.wikidata.org/entity/Q806825,Q806825,Banks,family name,1.0,converted_or_already_wikidata
Barcelona,http://www.wikidata.org/entity/Q1492,http://www.wikidata.org/entity/Q1492,Q1492,Barcelona,"city in Catalonia, Spain",1.0,converted_or_already_wikidata
Basel,http://www.wikidata.org/entity/Q78,http://www.wikidata.org/entity/Q78,Q78,Basel,city on the Rhine in Switzerland,1.0,converted_or_already_wikidata
Belgrade,http://www.wikidata.org/entity/Q3711,http://www.wikidata.org/entity/Q3711,Q3711,Belgrade,capital of Serbia,1.0,converted_or_already_wikidata
Bentley Systems,http://www.wikidata.org/entity/Q818314,http://www.wikidata.org/entity/Q818314,Q818314,Bentley Systems,software company for CAD-Design,1.0,converted_or_already_wikidata
Bernard P. Zeigler,http://www.wikidata.org/entity/Q16105529,http://www.wikidata.org/entity/Q16105529,Q16105529,Bernard P. Zeigler,engineer,1.0,converted_or_already_wikidata
Berry,http://www.wikidata.org/entity/Q827140,http://www.wikidata.org/entity/Q827140,Q827140,Berry,family name,1.0,converted_or_already_wikidata
Big Chaos,,,,Big Chaos,,0.0,not_converted
Bill East,,,,Bill East,,0.0,not_converted
Bing,http://www.wikidata.org/entity/Q182496,http://www.wikidata.org/entity/Q182496,Q182496,Microsoft Bing,web search engine from Microsoft,1.0,converted_or_already_wikidata
Birger Sevaldson,,,,Birger Sevaldson,,0.0,not_converted
Bischof,http://www.wikidata.org/entity/Q866108,http://www.wikidata.org/entity/Q866108,Q866108,Bischof,family name,1.0,converted_or_already_wikidata
Bishop,http://www.wikidata.org/entity/Q611644,http://www.wikidata.org/entity/Q611644,Q611644,Catholic bishop,"ordained minister in the Catholic Church (for other religious denominations, use Q29182)",1.0,converted_or_already_wikidata
Bloomberg Philanthropies,http://www.wikidata.org/entity/Q16987920,http://www.wikidata.org/entity/Q16987920,Q16987920,Bloomberg Philanthropies,charitable organization,1.0,converted_or_already_wikidata
Boston,http://www.wikidata.org/entity/Q100,http://www.wikidata.org/entity/Q100,Q100,Boston,"capital and largest city of Massachusetts, United States",1.0,converted_or_already_wikidata
British Standards Institute,,,,British Standards Institute,,0.0,not_converted
Bruzzone A.G.,,,,Bruzzone A.G.,,0.0,not_converted
Brydges,http://www.wikidata.org/entity/Q21507019,http://www.wikidata.org/entity/Q21507019,Q21507019,Brydges,family name,1.0,converted_or_already_wikidata
Buckminster Fuller's,http://www.wikidata.org/entity/Q110890662,http://www.wikidata.org/entity/Q110890662,Q110890662,Buckminster Fuller's Dymaxion Deployment Unit,1941 exhibition at Museum of Modern Art,1.0,converted_or_already_wikidata
BuildSmart,,,,BuildSmart,,0.0,not_converted
Building and Construction Authority,http://www.wikidata.org/entity/Q4986523,http://www.wikidata.org/entity/Q4986523,Q4986523,Building and Construction Authority,statutory board under the Ministry of National Development of the Singapore Government,1.0,converted_or_already_wikidata
BuildingSmart Hong Kong,,,,BuildingSmart Hong Kong,,0.0,not_converted
C. A. Brebbia,,,,C. A. Brebbia,,0.0,not_converted
CAEWatch,,,,CAEWatch,,0.0,not_converted
CANBIM,,,,CANBIM,,0.0,not_converted
CDBB,,,,CDBB,,0.0,not_converted
CIA,,,,CIA,,0.0,not_converted
CIDB Malaysia,,,,CIDB Malaysia,,0.0,not_converted
CRIDA,http://www.wikidata.org/entity/Q77163370,http://www.wikidata.org/entity/Q77163370,Q77163370,Crida,family name,1.0,converted_or_already_wikidata
CSTB,http://www.wikidata.org/entity/Q17911028,http://www.wikidata.org/entity/Q17911028,Q17911028,CSTB,protein-coding gene in the species Homo sapiens,1.0,converted_or_already_wikidata
CT197-BIM,,,,CT197-BIM,,0.0,not_converted
Cambridge,http://www.wikidata.org/entity/Q49111,http://www.wikidata.org/entity/Q49111,Q49111,Cambridge,"city in Middlesex County, Massachusetts, United States of America",1.0,converted_or_already_wikidata
Canada,http://www.wikidata.org/entity/Q16,http://www.wikidata.org/entity/Q16,Q16,Canada,country in North America,1.0,converted_or_already_wikidata
Carnegie Mellon,http://www.wikidata.org/entity/Q190080,http://www.wikidata.org/entity/Q190080,Q190080,Carnegie Mellon University,"private research university in Pittsburgh, Pennsylvania, United States",1.0,converted_or_already_wikidata
Celestino Soddu,http://www.wikidata.org/entity/Q5057948,http://www.wikidata.org/entity/Q5057948,Q5057948,Celestino Soddu,Italian architect,1.0,converted_or_already_wikidata
Centre for Digital Built Britain,http://www.wikidata.org/entity/Q85751274,http://www.wikidata.org/entity/Q85751274,Q85751274,Centre for Digital Built Britain,,1.0,converted_or_already_wikidata
Chamber of Architects,http://www.wikidata.org/entity/Q635047,http://www.wikidata.org/entity/Q635047,Q635047,Chamber of Architects,type of architectural association in Germany,1.0,converted_or_already_wikidata
Chan,http://www.wikidata.org/entity/Q29011444,http://www.wikidata.org/entity/Q29011444,Q29011444,Chan,family name,1.0,converted_or_already_wikidata
Chicoutimi,http://www.wikidata.org/entity/Q952269,http://www.wikidata.org/entity/Q952269,Q952269,Chicoutimi,"borough in Saguenay, Quebec, Canada, former city",1.0,converted_or_already_wikidata
China,http://www.wikidata.org/entity/Q148,http://www.wikidata.org/entity/Q148,Q148,People's Republic of China,country in East Asia,1.0,converted_or_already_wikidata
Christchurch,http://www.wikidata.org/entity/Q79990,http://www.wikidata.org/entity/Q79990,Q79990,Christchurch,largest city in the South Island of New Zealand,1.0,converted_or_already_wikidata
Christmas,http://www.wikidata.org/entity/Q16826756,http://www.wikidata.org/entity/Q16826756,Q16826756,Christmas,family name,1.0,converted_or_already_wikidata
Christopher R.,http://www.wikidata.org/entity/Q109551603,http://www.wikidata.org/entity/Q109551603,Q109551603,Christopher R. Hain,researcher (ORCID 0000-0002-0093-6816),1.0,converted_or_already_wikidata
Chuck Eastman's,,,,Chuck Eastman's,,0.0,not_converted
Cisco,http://www.wikidata.org/entity/Q173395,http://www.wikidata.org/entity/Q173395,Q173395,Cisco,American multinational technology company,1.0,converted_or_already_wikidata
Cisco Systems,http://www.wikidata.org/entity/Q173395,http://www.wikidata.org/entity/Q173395,Q173395,Cisco,American multinational technology company,1.0,converted_or_already_wikidata
Commission for Racial Equality,http://www.wikidata.org/entity/Q5152654,http://www.wikidata.org/entity/Q5152654,Q5152654,Commission for Racial Equality,former British non-departmental public body,1.0,converted_or_already_wikidata
Computational Logic,http://www.wikidata.org/entity/Q5157327,http://www.wikidata.org/entity/Q5157327,Q5157327,computational logic,use of logic to perform or reason about computation,1.0,converted_or_already_wikidata
Critical Research in Digital Architecture,,,,Critical Research in Digital Architecture,,0.0,not_converted
Czech Republic,http://www.wikidata.org/entity/Q213,http://www.wikidata.org/entity/Q213,Q213,Czech Republic,country in Central Europe,1.0,converted_or_already_wikidata
DBpedia,http://www.wikidata.org/entity/Q465,http://www.wikidata.org/entity/Q465,Q465,DBpedia,online database project of structured data extracted from Wikipedia,1.0,converted_or_already_wikidata
Dahua Technology,http://www.wikidata.org/entity/Q18111506,http://www.wikidata.org/entity/Q18111506,Q18111506,Dahua Technology,Chinese video surveillance products company,1.0,converted_or_already_wikidata
Dassault Systèmes,http://www.wikidata.org/entity/Q1172038,http://www.wikidata.org/entity/Q1172038,Q1172038,Dassault Systèmes,"French software company headquartered in Vélizy-Villacoublay, France",1.0,converted_or_already_wikidata
David K. Owens,,,,David K. Owens,,0.0,not_converted
David Rumelhart,http://www.wikidata.org/entity/Q93111,http://www.wikidata.org/entity/Q93111,Q93111,David Rumelhart,American psychologist (1942-2011),1.0,converted_or_already_wikidata
Deakin,http://www.wikidata.org/entity/Q1180978,http://www.wikidata.org/entity/Q1180978,Q1180978,Deakin University,"public university in Melbourne, Australia",1.0,converted_or_already_wikidata
December 2011,http://www.wikidata.org/entity/Q386251,http://www.wikidata.org/entity/Q386251,Q386251,December 2011,month of 2011,1.0,converted_or_already_wikidata
December 2015,http://www.wikidata.org/entity/Q16726269,http://www.wikidata.org/entity/Q16726269,Q16726269,December 2015,month of 2015,1.0,converted_or_already_wikidata
December 2017,http://www.wikidata.org/entity/Q22971091,http://www.wikidata.org/entity/Q22971091,Q22971091,December 2017,month of 2017,1.0,converted_or_already_wikidata
Deloitte,http://www.wikidata.org/entity/Q491748,http://www.wikidata.org/entity/Q491748,Q491748,Deloitte,multinational professional services network founded in 1845,1.0,converted_or_already_wikidata
Department for Public Expenditure and Reform,,,,Department for Public Expenditure and Reform,,0.0,not_converted
Department of Computer Science,http://www.wikidata.org/entity/Q5260203,http://www.wikidata.org/entity/Q5260203,Q5260203,Department of Computer Science,academic department at the University of Toronto,1.0,converted_or_already_wikidata
Design and Computation,http://www.wikidata.org/entity/Q26751087,http://www.wikidata.org/entity/Q26751087,Q26751087,Design and computational analysis of single-cell RNA-sequencing experiments,scientific article,1.0,converted_or_already_wikidata
Digitaalehituse Klaster,,,,Digitaalehituse Klaster,,0.0,not_converted
Digital Construction in Lithuania,,,,Digital Construction in Lithuania,,0.0,not_converted
Disney,http://www.wikidata.org/entity/Q7414,http://www.wikidata.org/entity/Q7414,Q7414,The Walt Disney Company,American multinational mass media company,1.0,converted_or_already_wikidata
Domingos,http://www.wikidata.org/entity/Q18695825,http://www.wikidata.org/entity/Q18695825,Q18695825,Domingos,male given name,1.0,converted_or_already_wikidata
Donald Hebb,,,,Donald Hebb,,0.0,not_converted
Drogemuller,,,,Drogemuller,,0.0,not_converted
Duda,http://www.wikidata.org/entity/Q24283002,http://www.wikidata.org/entity/Q24283002,Q24283002,Duda,family name,1.0,converted_or_already_wikidata
ERANet,http://www.wikidata.org/entity/Q63398105,http://www.wikidata.org/entity/Q63398105,Q63398105,ERANet-LAC CODE: International Care Of the Dying Evaluation,clinical trial,1.0,converted_or_already_wikidata
ESPN,http://www.wikidata.org/entity/Q217776,http://www.wikidata.org/entity/Q217776,Q217776,ESPN,American broadcast sports network,1.0,converted_or_already_wikidata
Eastman,http://www.wikidata.org/entity/Q3046582,http://www.wikidata.org/entity/Q3046582,Q3046582,Eastman,"municipality in Estrie, Quebec, Canada",1.0,converted_or_already_wikidata
"Eastman, et al",,,,"Eastman, et al",,0.0,not_converted
Economist,http://www.wikidata.org/entity/Q188094,http://www.wikidata.org/entity/Q188094,Q188094,economist,professional in the discipline of economics,1.0,converted_or_already_wikidata
Eder-Van Hook,,,,Eder-Van Hook,,0.0,not_converted
Edgar W. Schneider,http://www.wikidata.org/entity/Q83154480,http://www.wikidata.org/entity/Q83154480,Q83154480,Edgar W. Schneider,Austrian linguist,1.0,converted_or_already_wikidata
Edward Bellamy,http://www.wikidata.org/entity/Q455776,http://www.wikidata.org/entity/Q455776,Q455776,Edward Bellamy,American author and socialist (1850–1898),1.0,converted_or_already_wikidata
Edward L.,,,,Edward L.,,0.0,not_converted
Ehrlinger,http://www.wikidata.org/entity/Q37485558,http://www.wikidata.org/entity/Q37485558,Q37485558,Ehrlinger,family name,1.0,converted_or_already_wikidata
Ehud Shapiro,http://www.wikidata.org/entity/Q5348683,http://www.wikidata.org/entity/Q5348683,Q5348683,Ehud Shapiro,Israeli computer scientist,1.0,converted_or_already_wikidata
Ehud Y.,http://www.wikidata.org/entity/Q67241453,http://www.wikidata.org/entity/Q67241453,Q67241453,Ehud Y. Isacoff,neurobiologist,1.0,converted_or_already_wikidata
Eleventh,http://www.wikidata.org/entity/Q1930430,http://www.wikidata.org/entity/Q1930430,Q1930430,eleventh,musical interval spanning 11 staff positions,1.0,converted_or_already_wikidata
Encyclopedia of Computer Science,http://www.wikidata.org/entity/Q126683668,http://www.wikidata.org/entity/Q126683668,Q126683668,Encyclopedia of Computer Science,,1.0,converted_or_already_wikidata
Encyclopedia of Database Systems,http://www.wikidata.org/entity/Q63033999,http://www.wikidata.org/entity/Q63033999,Q63033999,Encyclopedia of Database Systems,2009 edition of the Encyclopedia of Database Systems published online by Springer,1.0,converted_or_already_wikidata
Enterprise Estonia,http://www.wikidata.org/entity/Q11858046,http://www.wikidata.org/entity/Q11858046,Q11858046,Enterprise Estonia,former entrepreneurship and regional development foundation in Estonia,1.0,converted_or_already_wikidata
Erezi,,,,Erezi,,0.0,not_converted
Erich,http://www.wikidata.org/entity/Q15277196,http://www.wikidata.org/entity/Q15277196,Q15277196,Erich,male given name,1.0,converted_or_already_wikidata
Ericsson,http://www.wikidata.org/entity/Q52618,http://www.wikidata.org/entity/Q52618,Q52618,Ericsson,Swedish provider of communications technology and services,1.0,converted_or_already_wikidata
Eriksson,http://www.wikidata.org/entity/Q1354604,http://www.wikidata.org/entity/Q1354604,Q1354604,Eriksson,family name,1.0,converted_or_already_wikidata
Estonia,http://www.wikidata.org/entity/Q191,http://www.wikidata.org/entity/Q191,Q191,Estonia,country in Northern Europe,1.0,converted_or_already_wikidata
European BIM,,,,European BIM,,0.0,not_converted
European Structural and Investment Funds,http://www.wikidata.org/entity/Q846996,http://www.wikidata.org/entity/Q846996,Q846996,European Structural and Investment Funds,"financial funds of the European Commission for the social, economic and territorial cohesion of the European Union",1.0,converted_or_already_wikidata
F. P. Tolman.[16,,,,F. P. Tolman.[16,,0.0,not_converted
Facebook,http://www.wikidata.org/entity/Q355,http://www.wikidata.org/entity/Q355,Q355,Facebook,American online social media and social networking service,1.0,converted_or_already_wikidata
"Faculty of Architecture, Building and Planning",,,,"Faculty of Architecture, Building and Planning",,0.0,not_converted
Fashola,http://www.wikidata.org/entity/Q62356,http://www.wikidata.org/entity/Q62356,Q62356,Babatunde Fashola,Nigerian politician,1.0,converted_or_already_wikidata
February 2015,http://www.wikidata.org/entity/Q15985236,http://www.wikidata.org/entity/Q15985236,Q15985236,February 2015,month of 2015,1.0,converted_or_already_wikidata
February 2016,http://www.wikidata.org/entity/Q19249183,http://www.wikidata.org/entity/Q19249183,Q19249183,February 2016,month of 2016,1.0,converted_or_already_wikidata
Felix Platter Hospital[99,,,,Felix Platter Hospital[99,,0.0,not_converted
Feng,http://www.wikidata.org/entity/Q62383161,http://www.wikidata.org/entity/Q62383161,Q62383161,Feng,family name,1.0,converted_or_already_wikidata
FinSESCo,,,,FinSESCo,,0.0,not_converted
Five-Year Plan,http://www.wikidata.org/entity/Q2916326,http://www.wikidata.org/entity/Q2916326,Q2916326,five-year plan,"5-year economic plans by various countries past and present, chiefly in Communist countries",1.0,converted_or_already_wikidata
Ford,http://www.wikidata.org/entity/Q44294,http://www.wikidata.org/entity/Q44294,Q44294,Ford Motor Company,American multinational automotive company,1.0,converted_or_already_wikidata
France,http://www.wikidata.org/entity/Q142,http://www.wikidata.org/entity/Q142,Q142,France,"country in Western Europe and other continents (through its overseas territories in America, Africa and Oceania)",1.0,converted_or_already_wikidata
Francis Bacon,http://www.wikidata.org/entity/Q154340,http://www.wikidata.org/entity/Q154340,Q154340,Francis Bacon,Irish-born British figurative painter (1909–1992),1.0,converted_or_already_wikidata
Frank Lloyd Wright,http://www.wikidata.org/entity/Q5604,http://www.wikidata.org/entity/Q5604,Q5604,Frank Lloyd Wright,American architect (1867-1959),1.0,converted_or_already_wikidata
Frank Rosenblatt,http://www.wikidata.org/entity/Q93018,http://www.wikidata.org/entity/Q93018,Q93018,Frank Rosenblatt,American psychologist notable in the field of artificial intelligence,1.0,converted_or_already_wikidata
Freebase,http://www.wikidata.org/entity/Q1453477,http://www.wikidata.org/entity/Q1453477,Q1453477,Freebase,online knowledge base (2007–2016),1.0,converted_or_already_wikidata
Friedman,http://www.wikidata.org/entity/Q1451887,http://www.wikidata.org/entity/Q1451887,Q1451887,Friedman,family name,1.0,converted_or_already_wikidata
Fuller,http://www.wikidata.org/entity/Q1158382,http://www.wikidata.org/entity/Q1158382,Q1158382,Fuller,family name,1.0,converted_or_already_wikidata
G.A. van Nederveen,,,,G.A. van Nederveen,,0.0,not_converted
GMW,,,,GMW,,0.0,not_converted
General Electric,http://www.wikidata.org/entity/Q54173,http://www.wikidata.org/entity/Q54173,Q54173,General Electric,American multinational conglomerate,1.0,converted_or_already_wikidata
Generative Art Design Papers,,,,Generative Art Design Papers,,0.0,not_converted
Geoffrey Hinton,http://www.wikidata.org/entity/Q92894,http://www.wikidata.org/entity/Q92894,Q92894,Geoffrey Hinton,British-Canadian computer scientist and psychologist,1.0,converted_or_already_wikidata
Georgia Tech,http://www.wikidata.org/entity/Q864855,http://www.wikidata.org/entity/Q864855,Q864855,Georgia Tech,"public research university in Atlanta, Georgia, United States",1.0,converted_or_already_wikidata
Gerhard Schmitt,http://www.wikidata.org/entity/Q112258986,http://www.wikidata.org/entity/Q112258986,Q112258986,Gerhard Schmitt,,1.0,converted_or_already_wikidata
Germany,http://www.wikidata.org/entity/Q183,http://www.wikidata.org/entity/Q183,Q183,Germany,country in Central Europe,1.0,converted_or_already_wikidata
Glaeser,http://www.wikidata.org/entity/Q36980600,http://www.wikidata.org/entity/Q36980600,Q36980600,Glaeser,family name,1.0,converted_or_already_wikidata
Google,http://www.wikidata.org/entity/Q95,http://www.wikidata.org/entity/Q95,Q95,Google,"American multinational technology company, a subsidiary of Alphabet Inc.",1.0,converted_or_already_wikidata
Google Cloud AI,,,,Google Cloud AI,,0.0,not_converted
Google Photos,http://www.wikidata.org/entity/Q20007086,http://www.wikidata.org/entity/Q20007086,Q20007086,Google Photos,photo storage service developed by Google,1.0,converted_or_already_wikidata
Gordon Plotkin,http://www.wikidata.org/entity/Q967536,http://www.wikidata.org/entity/Q967536,Q967536,Gordon Plotkin,Scottish computer scientist,1.0,converted_or_already_wikidata
Graphisoft,http://www.wikidata.org/entity/Q743588,http://www.wikidata.org/entity/Q743588,Q743588,Graphisoft SE,software company,1.0,converted_or_already_wikidata
Greg Lynn,http://www.wikidata.org/entity/Q513374,http://www.wikidata.org/entity/Q513374,Q513374,Greg Lynn,American architect (born 1964),1.0,converted_or_already_wikidata
Greg Lynn FORM,http://www.wikidata.org/entity/Q117114121,http://www.wikidata.org/entity/Q117114121,Q117114121,Greg Lynn Form,"USA, est. 1994",1.0,converted_or_already_wikidata
Guide to Simulation-Based Disciplines,,,,Guide to Simulation-Based Disciplines,,0.0,not_converted
Gábor Bojár,http://www.wikidata.org/entity/Q5625718,http://www.wikidata.org/entity/Q5625718,Q5625718,Gábor Bojár,Hungarian businessman,1.0,converted_or_already_wikidata
Hamstra,http://www.wikidata.org/entity/Q37044479,http://www.wikidata.org/entity/Q37044479,Q37044479,Hamstra,family name,1.0,converted_or_already_wikidata
Hart,http://www.wikidata.org/entity/Q1587003,http://www.wikidata.org/entity/Q1587003,Q1587003,Hart,family name,1.0,converted_or_already_wikidata
Harvard U,http://www.wikidata.org/entity/Q13371,http://www.wikidata.org/entity/Q13371,Q13371,Harvard University,"private university in Cambridge, Massachusetts",1.0,converted_or_already_wikidata
Helsinki,http://www.wikidata.org/entity/Q1757,http://www.wikidata.org/entity/Q1757,Q1757,Helsinki,capital and most populous city of Finland,1.0,converted_or_already_wikidata
Honeywell,http://www.wikidata.org/entity/Q37147733,http://www.wikidata.org/entity/Q37147733,Q37147733,Honeywell,family name,1.0,converted_or_already_wikidata
Hong Kong,http://www.wikidata.org/entity/Q8646,http://www.wikidata.org/entity/Q8646,Q8646,Hong Kong,city and special administrative region of China,1.0,converted_or_already_wikidata
Huawei,http://www.wikidata.org/entity/Q160120,http://www.wikidata.org/entity/Q160120,Q160120,Huawei,Chinese multinational technology company,1.0,converted_or_already_wikidata
Hyderabad,http://www.wikidata.org/entity/Q1361,http://www.wikidata.org/entity/Q1361,Q1361,Hyderabad,"capital of Telangana, India",1.0,converted_or_already_wikidata
IBIMA,,,,IBIMA,,0.0,not_converted
IBM,,,,IBM,,0.0,not_converted
IDC,,,,IDC,,0.0,not_converted
ISO,,,,ISO,,0.0,not_converted
ITeC,,,,ITeC,,0.0,not_converted
India,http://www.wikidata.org/entity/Q668,http://www.wikidata.org/entity/Q668,Q668,India,country in South Asia,1.0,converted_or_already_wikidata
Infrastructure Australia,http://www.wikidata.org/entity/Q6031535,http://www.wikidata.org/entity/Q6031535,Q6031535,Infrastructure Australia,government project assessment agency,1.0,converted_or_already_wikidata
Innovation,http://www.wikidata.org/entity/Q174165,http://www.wikidata.org/entity/Q174165,Q174165,innovation,"application of better solutions that meet new requirements, inarticulated needs, or existing market needs",1.0,converted_or_already_wikidata
Institute of Standards and Technology,,,,Institute of Standards and Technology,,0.0,not_converted
Intel,http://www.wikidata.org/entity/Q248,http://www.wikidata.org/entity/Q248,Q248,Intel,American multinational technology company,1.0,converted_or_already_wikidata
Iran,http://www.wikidata.org/entity/Q794,http://www.wikidata.org/entity/Q794,Q794,Iran,country in Western Asia,1.0,converted_or_already_wikidata
Ireland,http://www.wikidata.org/entity/Q27,http://www.wikidata.org/entity/Q27,Q27,Ireland,sovereign state in Northwestern Europe,1.0,converted_or_already_wikidata
J.-L. Lassez,,,,J.-L. Lassez,,0.0,not_converted
JIA,,,,JIA,,0.0,not_converted
Jacob van Rijs,http://www.wikidata.org/entity/Q225927,http://www.wikidata.org/entity/Q225927,Q225927,Jacob van Rijs,Dutch architect (born 1964),1.0,converted_or_already_wikidata
January 2013,http://www.wikidata.org/entity/Q1206823,http://www.wikidata.org/entity/Q1206823,Q1206823,January 2013,month of 2013,1.0,converted_or_already_wikidata
January 2017,http://www.wikidata.org/entity/Q20650869,http://www.wikidata.org/entity/Q20650869,Q20650869,January 2017,month of 2017,1.0,converted_or_already_wikidata
January 2019,http://www.wikidata.org/entity/Q46992899,http://www.wikidata.org/entity/Q46992899,Q46992899,January 2019,month of 2019,1.0,converted_or_already_wikidata
"January 9, 2022",http://www.wikidata.org/entity/Q69306299,http://www.wikidata.org/entity/Q69306299,Q69306299,"January 9, 2022",date in Gregorian calendar,1.0,converted_or_already_wikidata
Japan,http://www.wikidata.org/entity/Q17,http://www.wikidata.org/entity/Q17,Q17,Japan,island country in East Asia,1.0,converted_or_already_wikidata
Japan Institute of Architects,http://www.wikidata.org/entity/Q1683375,http://www.wikidata.org/entity/Q1683375,Q1683375,Japan Institute of Architects,Japanese organization for architects,1.0,converted_or_already_wikidata
Jean Baudrillard,http://www.wikidata.org/entity/Q182847,http://www.wikidata.org/entity/Q182847,Q182847,Jean Baudrillard,"French sociologist, philosopher and cultural theorist (1929–2007)",1.0,converted_or_already_wikidata
Jerome H.,,,,Jerome H.,,0.0,not_converted
Jerry,http://www.wikidata.org/entity/Q3808011,http://www.wikidata.org/entity/Q3808011,Q3808011,Jerry,male given name,1.0,converted_or_already_wikidata
Jerry Laiserin,,,,Jerry Laiserin,,0.0,not_converted
Jie,,,,Jie,,0.0,not_converted
John Fontana,,,,John Fontana,,0.0,not_converted
John Hopfield,http://www.wikidata.org/entity/Q391237,http://www.wikidata.org/entity/Q391237,Q391237,John Hopfield,American scientist (born 1933),1.0,converted_or_already_wikidata
John Maeda,http://www.wikidata.org/entity/Q93024,http://www.wikidata.org/entity/Q93024,Q93024,John Maeda,American artist and computer scientist (b. 1966),1.0,converted_or_already_wikidata
John Mullan,http://www.wikidata.org/entity/Q6249752,http://www.wikidata.org/entity/Q6249752,Q6249752,John Mullan,British professor,1.0,converted_or_already_wikidata
Jonathan Ingram,http://www.wikidata.org/entity/Q112136774,http://www.wikidata.org/entity/Q112136774,Q112136774,Jonathan Ingram,,1.0,converted_or_already_wikidata
July 2015,http://www.wikidata.org/entity/Q16726273,http://www.wikidata.org/entity/Q16726273,Q16726273,July 2015,month of 2015,1.0,converted_or_already_wikidata
June 2009,http://www.wikidata.org/entity/Q235735,http://www.wikidata.org/entity/Q235735,Q235735,June 2009,month of 2009,1.0,converted_or_already_wikidata
June 2011,http://www.wikidata.org/entity/Q330356,http://www.wikidata.org/entity/Q330356,Q330356,June 2011,month of 2011,1.0,converted_or_already_wikidata
June 2026.[34,,,,June 2026.[34,,0.0,not_converted
KCDC,,,,KCDC,,0.0,not_converted
Karin,http://www.wikidata.org/entity/Q1814118,http://www.wikidata.org/entity/Q1814118,Q1814118,Karin,female given name,1.0,converted_or_already_wikidata
Keinrath,http://www.wikidata.org/entity/Q83361878,http://www.wikidata.org/entity/Q83361878,Q83361878,Keinrath,family name,1.0,converted_or_already_wikidata
Keith,http://www.wikidata.org/entity/Q1159033,http://www.wikidata.org/entity/Q1159033,Q1159033,Keith,male given name,1.0,converted_or_already_wikidata
Kerr,http://www.wikidata.org/entity/Q4042166,http://www.wikidata.org/entity/Q4042166,Q4042166,Kerr,family name,1.0,converted_or_already_wikidata
Knowledge Graphs,http://www.wikidata.org/entity/Q33002955,http://www.wikidata.org/entity/Q33002955,Q33002955,knowledge graph,information repository structured as a graph,1.0,converted_or_already_wikidata
Kratzig,,,,Kratzig,,0.0,not_converted
Kuala Lumpur,http://www.wikidata.org/entity/Q1865,http://www.wikidata.org/entity/Q1865,Q1865,Kuala Lumpur,Federal territory and capital city of Malaysia,1.0,converted_or_already_wikidata
LLM,,,,LLM,,0.0,not_converted
La Comissió Construïm el Futur,,,,La Comissió Construïm el Futur,,0.0,not_converted
Laiserin,,,,Laiserin,,0.0,not_converted
Le Corbusier.[45][49,,,,Le Corbusier.[45][49,,0.0,not_converted
Lee,,,,Lee,,0.0,not_converted
Leite,http://www.wikidata.org/entity/Q21482960,http://www.wikidata.org/entity/Q21482960,Q21482960,Leite,family name,1.0,converted_or_already_wikidata
Lindsay,http://www.wikidata.org/entity/Q13403801,http://www.wikidata.org/entity/Q13403801,Q13403801,Lindsay,unisex given name,1.0,converted_or_already_wikidata
LinkedIn,http://www.wikidata.org/entity/Q213660,http://www.wikidata.org/entity/Q213660,Q213660,LinkedIn,American social networking website for people in professional occupations,1.0,converted_or_already_wikidata
Lisa,http://www.wikidata.org/entity/Q1588186,http://www.wikidata.org/entity/Q1588186,Q1588186,Lisa,female given name,1.0,converted_or_already_wikidata
Lithuania,http://www.wikidata.org/entity/Q37,http://www.wikidata.org/entity/Q37,Q37,Lithuania,country in northeastern Europe,1.0,converted_or_already_wikidata
Liu,,,,Liu,,0.0,not_converted
London,http://www.wikidata.org/entity/Q84,http://www.wikidata.org/entity/Q84,Q84,London,capital and largest city of England and the United Kingdom,1.0,converted_or_already_wikidata
Los Angeles,http://www.wikidata.org/entity/Q65,http://www.wikidata.org/entity/Q65,Q65,Los Angeles,"seat of Los Angeles County, and largest city in California, United States",1.0,converted_or_already_wikidata
MIT,,,,MIT,,0.0,not_converted
MIT Press,http://www.wikidata.org/entity/Q73820,http://www.wikidata.org/entity/Q73820,Q73820,The MIT Press,American university press,1.0,converted_or_already_wikidata
MIT Technology Review,http://www.wikidata.org/entity/Q796078,http://www.wikidata.org/entity/Q796078,Q796078,MIT Technology Review,magazine,1.0,converted_or_already_wikidata
MOST,http://www.wikidata.org/entity/Q146363,http://www.wikidata.org/entity/Q146363,Q146363,Most,"statutory city in Ústí nad Labem Region, Czech Republic",1.0,converted_or_already_wikidata
MVRDV,http://www.wikidata.org/entity/Q932801,http://www.wikidata.org/entity/Q932801,Q932801,MVRDV,Dutch architecture firm,1.0,converted_or_already_wikidata
Malaysia,http://www.wikidata.org/entity/Q833,http://www.wikidata.org/entity/Q833,Q833,Malaysia,country in Southeast Asia,1.0,converted_or_already_wikidata
Marc Wirk,,,,Marc Wirk,,0.0,not_converted
Massachusetts Institute of Technology's,,,,Massachusetts Institute of Technology's,,0.0,not_converted
Massei M.,,,,Massei M.,,0.0,not_converted
May 2011,http://www.wikidata.org/entity/Q276430,http://www.wikidata.org/entity/Q276430,Q276430,May 2011,month of 2011,1.0,converted_or_already_wikidata
May 2015,http://www.wikidata.org/entity/Q16726271,http://www.wikidata.org/entity/Q16726271,Q16726271,May 2015,month of 2015,1.0,converted_or_already_wikidata
May/June 2021,http://www.wikidata.org/entity/Q137548546,http://www.wikidata.org/entity/Q137548546,Q137548546,May/June 2021 Print Issue: Care,scholarly article published in Anthropology News (2021),1.0,converted_or_already_wikidata
McGraw Hill,,,,McGraw Hill,,0.0,not_converted
McGraw Hill Construction[page,,,,McGraw Hill Construction[page,,0.0,not_converted
Mediaconstruct,,,,Mediaconstruct,,0.0,not_converted
Meintjes,http://www.wikidata.org/entity/Q32856266,http://www.wikidata.org/entity/Q32856266,Q32856266,Meintjes,family name,1.0,converted_or_already_wikidata
Microsoft,http://www.wikidata.org/entity/Q2283,http://www.wikidata.org/entity/Q2283,Q2283,Microsoft,American multinational technology corporation,1.0,converted_or_already_wikidata
Microsoft Research’s,,,,Microsoft Research’s,,0.0,not_converted
Milan,http://www.wikidata.org/entity/Q1076681,http://www.wikidata.org/entity/Q1076681,Q1076681,Milan,male given name,1.0,converted_or_already_wikidata
Ministry of Housing and Urban-Rural Development.[36,,,,Ministry of Housing and Urban-Rural Development.[36,,0.0,not_converted
Ministry of Infrastructure,,,,Ministry of Infrastructure,,0.0,not_converted
Ministry of Infrastructure and Transport,http://www.wikidata.org/entity/Q127973263,http://www.wikidata.org/entity/Q127973263,Q127973263,Ministry of Infrastructure and Transport,,1.0,converted_or_already_wikidata
Mitchell,http://www.wikidata.org/entity/Q179205,http://www.wikidata.org/entity/Q179205,Q179205,Mitchell,family name,1.0,converted_or_already_wikidata
NARUC,http://www.wikidata.org/entity/Q108748987,http://www.wikidata.org/entity/Q108748987,Q108748987,Naruciak,,1.0,converted_or_already_wikidata
NIBS,,,,NIBS,,0.0,not_converted
NIST,,,,NIST,,0.0,not_converted
NORAD,,,,NORAD,,0.0,not_converted
National Aeronautics and Space Administration,http://www.wikidata.org/entity/Q23548,http://www.wikidata.org/entity/Q23548,Q23548,National Aeronautics and Space Administration,American space and aeronautics agency,1.0,converted_or_already_wikidata
National Building Specification,http://www.wikidata.org/entity/Q6971141,http://www.wikidata.org/entity/Q6971141,Q6971141,National Building Specification,,1.0,converted_or_already_wikidata
National Institute of Building Sciences,http://www.wikidata.org/entity/Q6973613,http://www.wikidata.org/entity/Q6973613,Q6973613,National Institute of Building Sciences,non-profit private organization,1.0,converted_or_already_wikidata
Netflix,http://www.wikidata.org/entity/Q907311,http://www.wikidata.org/entity/Q907311,Q907311,Netflix,American subscription video on-demand over-the-top streaming service,1.0,converted_or_already_wikidata
New York City,http://www.wikidata.org/entity/Q60,http://www.wikidata.org/entity/Q60,Q60,New York City,most populous city in the United States,1.0,converted_or_already_wikidata
New Zealand,http://www.wikidata.org/entity/Q664,http://www.wikidata.org/entity/Q664,Q664,New Zealand,island country in the southwest Pacific Ocean,1.0,converted_or_already_wikidata
Nigeria,http://www.wikidata.org/entity/Q1033,http://www.wikidata.org/entity/Q1033,Q1033,Nigeria,sovereign state in West Africa,1.0,converted_or_already_wikidata
Nikolai,http://www.wikidata.org/entity/Q30442370,http://www.wikidata.org/entity/Q30442370,Q30442370,Nikolai,male given name,1.0,converted_or_already_wikidata
Nils J.,http://www.wikidata.org/entity/Q12717215,http://www.wikidata.org/entity/Q12717215,Q12717215,Nils J. Hestnes,Norwegian politician,1.0,converted_or_already_wikidata
Nilsson,http://www.wikidata.org/entity/Q15829860,http://www.wikidata.org/entity/Q15829860,Q15829860,Nilsson,family name,1.0,converted_or_already_wikidata
Nima,http://www.wikidata.org/entity/Q465164,http://www.wikidata.org/entity/Q465164,Q465164,Nima,unisex given name,1.0,converted_or_already_wikidata
Nintendo,http://www.wikidata.org/entity/Q3070866,http://www.wikidata.org/entity/Q3070866,Q3070866,Nintendo eShop,online computer game distribution platform for Nintendo Switch 1 and 2,1.0,converted_or_already_wikidata
November 2017,http://www.wikidata.org/entity/Q21706740,http://www.wikidata.org/entity/Q21706740,Q21706740,November 2017,month of 2017,1.0,converted_or_already_wikidata
Oceania,http://www.wikidata.org/entity/Q538,http://www.wikidata.org/entity/Q538,Q538,Insular Oceania,"geographic region comprising Melanesia, Micronesia and Polynesia",1.0,converted_or_already_wikidata
October 2019,http://www.wikidata.org/entity/Q47087606,http://www.wikidata.org/entity/Q47087606,Q47087606,October 2019,month of 2019,1.0,converted_or_already_wikidata
OpenBIM,http://www.wikidata.org/entity/Q128333838,http://www.wikidata.org/entity/Q128333838,Q128333838,OpenBIM-Tango integrated virtual showroom for offsite manufactured production of self-build housing,scholarly article,1.0,converted_or_already_wikidata
PTC,,,,PTC,,0.0,not_converted
PTNB,,,,PTNB,,0.0,not_converted
Patrick Jensen,http://www.wikidata.org/entity/Q50365085,http://www.wikidata.org/entity/Q50365085,Q50365085,Patrick Jensen,Australia para-alpine skier,1.0,converted_or_already_wikidata
Paul Morrell,http://www.wikidata.org/entity/Q16732880,http://www.wikidata.org/entity/Q16732880,Q16732880,Paul Morrell,English footballer (born 1961),1.0,converted_or_already_wikidata
Pfurtscheller[30,,,,Pfurtscheller[30,,0.0,not_converted
Phillip E. Hammonds,,,,Phillip E. Hammonds,,0.0,not_converted
Pittsburgh,http://www.wikidata.org/entity/Q1342,http://www.wikidata.org/entity/Q1342,Q1342,Pittsburgh,"city and county seat in Allegheny County, Pennsylvania, United States",1.0,converted_or_already_wikidata
Plotkin,http://www.wikidata.org/entity/Q21496946,http://www.wikidata.org/entity/Q21496946,Q21496946,Plotkin,family name,1.0,converted_or_already_wikidata
Poland,http://www.wikidata.org/entity/Q36,http://www.wikidata.org/entity/Q36,Q36,Poland,country in Central Europe,1.0,converted_or_already_wikidata
Polshek Partnership,http://www.wikidata.org/entity/Q107005228,http://www.wikidata.org/entity/Q107005228,Q107005228,Polshek Partnership,architectural firm,1.0,converted_or_already_wikidata
Portugal,http://www.wikidata.org/entity/Q45,http://www.wikidata.org/entity/Q45,Q45,Portugal,country in Southwestern Europe,1.0,converted_or_already_wikidata
Pragmatic Theory,http://www.wikidata.org/entity/Q7237641,http://www.wikidata.org/entity/Q7237641,Q7237641,pragmatic theory of truth,theory of truth within pragmatism,1.0,converted_or_already_wikidata
Public Services and Procurement Canada,http://www.wikidata.org/entity/Q7257673,http://www.wikidata.org/entity/Q7257673,Q7257673,Public Services and Procurement Canada,Government department,1.0,converted_or_already_wikidata
Purdue,http://www.wikidata.org/entity/Q217741,http://www.wikidata.org/entity/Q217741,Q217741,Purdue University,"public research university in West Lafayette, Indiana, United States",1.0,converted_or_already_wikidata
Quality and Conformity Commission,,,,Quality and Conformity Commission,,0.0,not_converted
Quantum Film,http://www.wikidata.org/entity/Q121357737,http://www.wikidata.org/entity/Q121357737,Q121357737,Quantum Films,,1.0,converted_or_already_wikidata
R. Buckminster Fuller,http://www.wikidata.org/entity/Q102289,http://www.wikidata.org/entity/Q102289,Q102289,Buckminster Fuller,"American architect, systems theorist, author, designer, inventor and futurist (1895–1983)",1.0,converted_or_already_wikidata
Rakesh Agrawal,http://www.wikidata.org/entity/Q3418043,http://www.wikidata.org/entity/Q3418043,Q3418043,Rakesh Agrawal,American chemical engineer,1.0,converted_or_already_wikidata
Ray,,,,Ray,,0.0,not_converted
Rebellion Research,http://www.wikidata.org/entity/Q24884471,http://www.wikidata.org/entity/Q24884471,Q24884471,Rebellion Research,American investment management firm,1.0,converted_or_already_wikidata
Richard P.,http://www.wikidata.org/entity/Q110409222,http://www.wikidata.org/entity/Q110409222,Q110409222,Richard P. Koopmans,physician from the Netherlands,1.0,converted_or_already_wikidata
Robert South,http://www.wikidata.org/entity/Q216838,http://www.wikidata.org/entity/Q216838,Q216838,Robert Southey,English romantic poet (1774–1843),1.0,converted_or_already_wikidata
Robin,http://www.wikidata.org/entity/Q1158139,http://www.wikidata.org/entity/Q1158139,Q1158139,Robin,unisex given name,1.0,converted_or_already_wikidata
Royal Academy of Engineering;[6,,,,Royal Academy of Engineering;[6,,0.0,not_converted
Russia,http://www.wikidata.org/entity/Q159,http://www.wikidata.org/entity/Q159,Q159,Russia,country in Eastern Europe and Northern Asia,1.0,converted_or_already_wikidata
S. Hatzellis,,,,S. Hatzellis,,0.0,not_converted
SSH,,,,SSH,,0.0,not_converted
STAT,,,,STAT,,0.0,not_converted
Sagrada Família,,,,Sagrada Família,,0.0,not_converted
Salisbury,http://www.wikidata.org/entity/Q160642,http://www.wikidata.org/entity/Q160642,Q160642,Salisbury,"cathedral city in Wiltshire, England, United Kingdom",1.0,converted_or_already_wikidata
Samuel Johnson,http://www.wikidata.org/entity/Q183266,http://www.wikidata.org/entity/Q183266,Q183266,Samuel Johnson,English writer and lexicographer (1709–1784),1.0,converted_or_already_wikidata
San Diego,http://www.wikidata.org/entity/Q16552,http://www.wikidata.org/entity/Q16552,Q16552,San Diego,"seat of San Diego County, California, United States; second-largest city in California",1.0,converted_or_already_wikidata
San Francisco,http://www.wikidata.org/entity/Q62,http://www.wikidata.org/entity/Q62,Q62,San Francisco,"consolidated city and county in California, United States",1.0,converted_or_already_wikidata
Santa,http://www.wikidata.org/entity/Q16281197,http://www.wikidata.org/entity/Q16281197,Q16281197,Santa,female given name,1.0,converted_or_already_wikidata
Santa Claus,http://www.wikidata.org/entity/Q315796,http://www.wikidata.org/entity/Q315796,Q315796,Santa Claus,legendary figure said to deliver gifts to people on Christmas Eve,1.0,converted_or_already_wikidata
Scherer,http://www.wikidata.org/entity/Q47164208,http://www.wikidata.org/entity/Q47164208,Q47164208,Gerhard Scherer,German entomologist (1929–2012),1.0,converted_or_already_wikidata
School of Architecture,,,,School of Architecture,,0.0,not_converted
School of Architecture + Planning,,,,School of Architecture + Planning,,0.0,not_converted
Schubert,http://www.wikidata.org/entity/Q1557438,http://www.wikidata.org/entity/Q1557438,Q1557438,Schubert,family name,1.0,converted_or_already_wikidata
Science in Finance Ltd,,,,Science in Finance Ltd,,0.0,not_converted
Seoul,http://www.wikidata.org/entity/Q8684,http://www.wikidata.org/entity/Q8684,Q8684,Seoul,capital and largest city of South Korea,1.0,converted_or_already_wikidata
"September 12, 2011",http://www.wikidata.org/entity/Q22664452,http://www.wikidata.org/entity/Q22664452,Q22664452,"September 12, 2011",Monday in September 2011,1.0,converted_or_already_wikidata
September 1964,http://www.wikidata.org/entity/Q16676381,http://www.wikidata.org/entity/Q16676381,Q16676381,September 1964,month of 1964,1.0,converted_or_already_wikidata
September 2016,http://www.wikidata.org/entity/Q19249552,http://www.wikidata.org/entity/Q19249552,Q19249552,September 2016,month of 2016,1.0,converted_or_already_wikidata
Serbia,http://www.wikidata.org/entity/Q403,http://www.wikidata.org/entity/Q403,Q403,Serbia,country in Southeast Europe,1.0,converted_or_already_wikidata
Shao,http://www.wikidata.org/entity/Q1680909,http://www.wikidata.org/entity/Q1680909,Q1680909,Shao,Chinese family name (邵),1.0,converted_or_already_wikidata
Shapiro,http://www.wikidata.org/entity/Q21448747,http://www.wikidata.org/entity/Q21448747,Q21448747,Shapiro,family name,1.0,converted_or_already_wikidata
Shen,,,,Shen,,0.0,not_converted
Shubin,http://www.wikidata.org/entity/Q21450387,http://www.wikidata.org/entity/Q21450387,Q21450387,Shubin,family name (Шубин),1.0,converted_or_already_wikidata
Sidewalk Labs,http://www.wikidata.org/entity/Q24192719,http://www.wikidata.org/entity/Q24192719,Q24192719,Sidewalk Labs,urban innovation subsidiary of Google,1.0,converted_or_already_wikidata
Siemens,http://www.wikidata.org/entity/Q81230,http://www.wikidata.org/entity/Q81230,Q81230,Siemens,German multinational conglomerate company,1.0,converted_or_already_wikidata
Siemens PLM Software,,,,Siemens PLM Software,,0.0,not_converted
Singapore,http://www.wikidata.org/entity/Q334,http://www.wikidata.org/entity/Q334,Q334,Singapore,sovereign island country and city-state in maritime Southeast Asia,1.0,converted_or_already_wikidata
Skywalker,http://www.wikidata.org/entity/Q20088958,http://www.wikidata.org/entity/Q20088958,Q20088958,Skywalker,family name,1.0,converted_or_already_wikidata
Slovakia,http://www.wikidata.org/entity/Q214,http://www.wikidata.org/entity/Q214,Q214,Slovakia,country in Central Europe,1.0,converted_or_already_wikidata
Smart Nation Initiative,,,,Smart Nation Initiative,,0.0,not_converted
SmithGroup,http://www.wikidata.org/entity/Q7544941,http://www.wikidata.org/entity/Q7544941,Q7544941,SmithGroup,American architectural and engineering company,1.0,converted_or_already_wikidata
Sokolowski,http://www.wikidata.org/entity/Q37553056,http://www.wikidata.org/entity/Q37553056,Q37553056,Sokolowski,family name,1.0,converted_or_already_wikidata
Solomonoff,http://www.wikidata.org/entity/Q74351358,http://www.wikidata.org/entity/Q74351358,Q74351358,Solomonoff,family name,1.0,converted_or_already_wikidata
Soramäki,http://www.wikidata.org/entity/Q104669312,http://www.wikidata.org/entity/Q104669312,Q104669312,Soramäki,"part of city or town or population centre in Hollola, Finland",1.0,converted_or_already_wikidata
South,http://www.wikidata.org/entity/Q667,http://www.wikidata.org/entity/Q667,Q667,south,one of the four cardinal directions,1.0,converted_or_already_wikidata
South Africa,http://www.wikidata.org/entity/Q258,http://www.wikidata.org/entity/Q258,Q258,South Africa,country in southern Africa,1.0,converted_or_already_wikidata
South Korea,http://www.wikidata.org/entity/Q884,http://www.wikidata.org/entity/Q884,Q884,South Korea,country in East Asia,1.0,converted_or_already_wikidata
South Korea.[74,,,,South Korea.[74,,0.0,not_converted
Spain,http://www.wikidata.org/entity/Q29,http://www.wikidata.org/entity/Q29,Q29,Spain,country in southwestern Europe with territories in Africa,1.0,converted_or_already_wikidata
Springer New York,http://www.wikidata.org/entity/Q21694652,http://www.wikidata.org/entity/Q21694652,Q21694652,Springer New York,,1.0,converted_or_already_wikidata
St. George's Medical School,,,,St. George's Medical School,,0.0,not_converted
StatFox,,,,StatFox,,0.0,not_converted
Steel Construction Institute,http://www.wikidata.org/entity/Q30252808,http://www.wikidata.org/entity/Q30252808,Q30252808,Steel Construction Institute,"organization in Ascot, United Kingdom",1.0,converted_or_already_wikidata
SteelVis,,,,SteelVis,,0.0,not_converted
Stockholm,http://www.wikidata.org/entity/Q1754,http://www.wikidata.org/entity/Q1754,Q1754,Stockholm,capital and largest city of Sweden,1.0,converted_or_already_wikidata
Sun Microsystems,http://www.wikidata.org/entity/Q14647,http://www.wikidata.org/entity/Q14647,Q14647,Sun Microsystems,defunct American computer hardware and software company,1.0,converted_or_already_wikidata
Svaetichin,http://www.wikidata.org/entity/Q45902399,http://www.wikidata.org/entity/Q45902399,Q45902399,Svaetichin,family name,1.0,converted_or_already_wikidata
Switzerland,http://www.wikidata.org/entity/Q39,http://www.wikidata.org/entity/Q39,Q39,Switzerland,country in Central Europe,1.0,converted_or_already_wikidata
Sydney,http://www.wikidata.org/entity/Q3130,http://www.wikidata.org/entity/Q3130,Q3130,Sydney,"capital city of New South Wales, Australia",1.0,converted_or_already_wikidata
Sydney Australia,http://www.wikidata.org/entity/Q3845253,http://www.wikidata.org/entity/Q3845253,Q3845253,Sydney Australia Temple,temple of the LDS Church,1.0,converted_or_already_wikidata
Tainan[166,,,,Tainan[166,,0.0,not_converted
Taipei,http://www.wikidata.org/entity/Q1867,http://www.wikidata.org/entity/Q1867,Q1867,Taipei,special municipality and capital city of Taiwan,1.0,converted_or_already_wikidata
Taiwan,http://www.wikidata.org/entity/Q22502,http://www.wikidata.org/entity/Q22502,Q22502,Taiwan Island,island in East Asia; main land of the Republic of China (Taiwan),1.0,converted_or_already_wikidata
"Taoyuan,[165",,,,"Taoyuan,[165",,0.0,not_converted
Tencent,http://www.wikidata.org/entity/Q860580,http://www.wikidata.org/entity/Q860580,Q860580,Tencent,Chinese multinational investment holding conglomerate,1.0,converted_or_already_wikidata
Tencent Doctorwork,,,,Tencent Doctorwork,,0.0,not_converted
The BCA Academy,,,,The BCA Academy,,0.0,not_converted
The Commission Building the Future,,,,The Commission Building the Future,,0.0,not_converted
The European Commission,http://www.wikidata.org/entity/Q99921735,http://www.wikidata.org/entity/Q99921735,Q99921735,The European Commission and Court of Human Rights (Immunities and Privileges) Order 1970,UK Statutory Instrument 1970 No. 1941,1.0,converted_or_already_wikidata
The First Year,http://www.wikidata.org/entity/Q54121449,http://www.wikidata.org/entity/Q54121449,Q54121449,The First Year,1926 film directed by Frank Borzage,1.0,converted_or_already_wikidata
The MIT Press,,,,The MIT Press,,0.0,not_converted
The Ministry of Science and Technology,,,,The Ministry of Science and Technology,,0.0,not_converted
The Netherlands,,,,The Netherlands,,0.0,not_converted
The Sun,,,,The Sun,,0.0,not_converted
The University of Sydney,,,,The University of Sydney,,0.0,not_converted
The Wall Street Journal,,,,The Wall Street Journal,,0.0,not_converted
Tokyo,,,,Tokyo,,0.0,not_converted
Tomasz Imieliński,,,,Tomasz Imieliński,,0.0,not_converted
Toronto,,,,Toronto,,0.0,not_converted
Twitter,,,,Twitter,,0.0,not_converted
U.S.,,,,U.S.,,0.0,not_converted
UAE,,,,UAE,,0.0,not_converted
UIC,,,,UIC,,0.0,not_converted
UK BIM Alliance,,,,UK BIM Alliance,,0.0,not_converted
Uber,,,,Uber,,0.0,not_converted
Ulf,,,,Ulf,,0.0,not_converted
United Arab Emirates,,,,United Arab Emirates,,0.0,not_converted
United Kingdom,,,,United Kingdom,,0.0,not_converted
United States,,,,United States,,0.0,not_converted
Universal,,,,Universal,,0.0,not_converted
University College London,,,,University College London,,0.0,not_converted
University of Edinburgh,,,,University of Edinburgh,,0.0,not_converted
University of Melbourne,,,,University of Melbourne,,0.0,not_converted
University of Technology,,,,University of Technology,,0.0,not_converted
University of Twente,,,,University of Twente,,0.0,not_converted
Utiome,,,,Utiome,,0.0,not_converted
Van Nederveen,,,,Van Nederveen,,0.0,not_converted
Virginia Tech’s,,,,Virginia Tech’s,,0.0,not_converted
Volker Wissing,,,,Volker Wissing,,0.0,not_converted
WAC,,,,WAC,,0.0,not_converted
WGBH,,,,WGBH,,0.0,not_converted
Walter Pitts,,,,Walter Pitts,,0.0,not_converted
Warren McCulloch,,,,Warren McCulloch,,0.0,not_converted
Watson,,,,Watson,,0.0,not_converted
WeChat Intelligent Healthcare,,,,WeChat Intelligent Healthcare,,0.0,not_converted
What If,,,,What If,,0.0,not_converted
Wikidata,,,,Wikidata,,0.0,not_converted
Wikipedia,,,,Wikipedia,,0.0,not_converted
William James,,,,William James,,0.0,not_converted
Willy Higginbotham,,,,Willy Higginbotham,,0.0,not_converted
Wolfram,,,,Wolfram,,0.0,not_converted
WolframAlpha,,,,WolframAlpha,,0.0,not_converted
Wöß,,,,Wöß,,0.0,not_converted
YAGO,,,,YAGO,,0.0,not_converted
Yahoo,,,,Yahoo,,0.0,not_converted
Yu-Tung Liu,,,,Yu-Tung Liu,,0.0,not_converted
ZTE,,,,ZTE,,0.0,not_converted
Zendejas,,,,Zendejas,,0.0,not_converted
Zheng,,,,Zheng,,0.0,not_converted
Zhou,,,,Zhou,,0.0,not_converted
a year,,,,a year,,0.0,not_converted
annual,,,,annual,,0.0,not_converted
annually,,,,annually,,0.0,not_converted
biannual,,,,biannual,,0.0,not_converted
buildingSMART,,,,buildingSMART,,0.0,not_converted
buildingSMART Canada,,,,buildingSMART Canada,,0.0,not_converted
buildingSMART International).[117,,,,buildingSMART International).[117,,0.0,not_converted
buildingSMART Norway,,,,buildingSMART Norway,,0.0,not_converted
early 1980s,,,,early 1980s,,0.0,not_converted
early 1980s to 1990s,,,,early 1980s to 1990s,,0.0,not_converted
early 2000s–present,,,,early 2000s–present,,0.0,not_converted
early 2018,,,,early 2018,,0.0,not_converted
early 2018.[108,,,,early 2018.[108,,0.0,not_converted
early March 2026,,,,early March 2026,,0.0,not_converted
et al.,,,,et al.,,0.0,not_converted
late April 2012.[62,,,,late April 2012.[62,,0.0,not_converted
monthly,,,,monthly,,0.0,not_converted
"previous decades,[61",,,,"previous decades,[61",,0.0,not_converted
the 1950s,,,,the 1950s,,0.0,not_converted
the 1970s,,,,the 1970s,,0.0,not_converted
the 1980s,,,,the 1980s,,0.0,not_converted
the 1990s,,,,the 1990s,,0.0,not_converted
the 2010s,,,,the 2010s,,0.0,not_converted
the American Institute of Steel Construction,,,,the American Institute of Steel Construction,,0.0,not_converted
the Australasian Procurement and Construction Council,,,,the Australasian Procurement and Construction Council,,0.0,not_converted
the Australian Government,,,,the Australian Government,,0.0,not_converted
the BIM Task Group,,,,the BIM Task Group,,0.0,not_converted
the BSI Group,,,,the BSI Group,,0.0,not_converted
the Canada BIM Council,,,,the Canada BIM Council,,0.0,not_converted
the Chamber of Civil Engineers,,,,the Chamber of Civil Engineers,,0.0,not_converted
the Civil and Environmental Engineering Department,,,,the Civil and Environmental Engineering Department,,0.0,not_converted
the Clinton Foundation,,,,the Clinton Foundation,,0.0,not_converted
the Community Analysis Bureau,,,,the Community Analysis Bureau,,0.0,not_converted
the Computing Research Association,,,,the Computing Research Association,,0.0,not_converted
the Construction Industry Development Board,,,,the Construction Industry Development Board,,0.0,not_converted
the Cyberport Zone,,,,the Cyberport Zone,,0.0,not_converted
the Design Lab,,,,the Design Lab,,0.0,not_converted
the Edison Electric Institute,,,,the Edison Electric Institute,,0.0,not_converted
the European Union.[57,,,,the European Union.[57,,0.0,not_converted
the Hong Kong Housing Authority,,,,the Hong Kong Housing Authority,,0.0,not_converted
the Institute for BIM,,,,the Institute for BIM,,0.0,not_converted
the Kista Science City,,,,the Kista Science City,,0.0,not_converted
the Massachusetts Institute of Technology,,,,the Massachusetts Institute of Technology,,0.0,not_converted
the Ministry of Economic Affairs,,,,the Ministry of Economic Affairs,,0.0,not_converted
the Ministry of Infrastructure and Construction,,,,the Ministry of Infrastructure and Construction,,0.0,not_converted
the National Computer Board,,,,the National Computer Board,,0.0,not_converted
the National Institute of Building Sciences,,,,the National Institute of Building Sciences,,0.0,not_converted
"the Rijksgebouwendienst,",,,,"the Rijksgebouwendienst,",,0.0,not_converted
the Rockefeller Foundation,,,,the Rockefeller Foundation,,0.0,not_converted
the Smart Cities Marketplace,,,,the Smart Cities Marketplace,,0.0,not_converted
the Smart City Expo World Congress,,,,the Smart City Expo World Congress,,0.0,not_converted
the Society for Simulation in Healthcare,,,,the Society for Simulation in Healthcare,,0.0,not_converted
the Technical Committee for BIM Standardisation,,,,the Technical Committee for BIM Standardisation,,0.0,not_converted
the UK BIM Alliance,,,,the UK BIM Alliance,,0.0,not_converted
the UK BIM Alliance[a,,,,the UK BIM Alliance[a,,0.0,not_converted
the UK BIM Framework,,,,the UK BIM Framework,,0.0,not_converted
the UK Government,,,,the UK Government,,0.0,not_converted
the United Kingdom,,,,the United Kingdom,,0.0,not_converted
the United Nations Development Programme,,,,the United Nations Development Programme,,0.0,not_converted
the United States Department of Transportation.[21,,,,the United States Department of Transportation.[21,,0.0,not_converted
the University of Groningen,,,,the University of Groningen,,0.0,not_converted
the University of Hong Kong,,,,the University of Hong Kong,,0.0,not_converted
the University of Illinois at Chicago,,,,the University of Illinois at Chicago,,0.0,not_converted
the University of Leeds,,,,the University of Leeds,,0.0,not_converted
the University of New South Wales,,,,the University of New South Wales,,0.0,not_converted
the University of Québec,,,,the University of Québec,,0.0,not_converted
the University of Sydney,,,,the University of Sydney,,0.0,not_converted
the Wayback Machine,,,,the Wayback Machine,,0.0,not_converted
the World Bank,,,,the World Bank,,0.0,not_converted
the World Wide Web,,,,the World Wide Web,,0.0,not_converted
the early 1950s,,,,the early 1950s,,0.0,not_converted
the early 2000s,,,,the early 2000s,,0.0,not_converted
the early days,,,,the early days,,0.0,not_converted
the late 1960s,,,,the late 1960s,,0.0,not_converted
the late 1960s[50,,,,the late 1960s[50,,0.0,not_converted
the late 1970s,,,,the late 1970s,,0.0,not_converted
the late 1980s,,,,the late 1980s,,0.0,not_converted
the late 1990s,,,,the late 1990s,,0.0,not_converted
the mid-1980s,,,,the mid-1980s,,0.0,not_converted
the mid-2010s,,,,the mid-2010s,,0.0,not_converted
the year 2011,,,,the year 2011,,0.0,not_converted
the year 2020,,,,the year 2020,,0.0,not_converted
the ÖNORM A 6241,,,,the ÖNORM A 6241,,0.0,not_converted
today,,,,today,,0.0,not_converted
two to three years,,,,two to three years,,0.0,not_converted
years,,,,years,,0.0,not_converted
« Siemens PLM Software Blog,,,,« Siemens PLM Software Blog,,0.0,not_converted
